image_url1,image_url2,image_url3,image_url4,image_url5,image_url6,image_url7,image_url8,image_url9,image_url10
https://s3-us-west-2.amazonaws.com/slowglass-testamk/comp100/04729.jpg,https://s3-us-west-2.amazonaws.com/slowglass-testamk/comp100/04749.jpg,https://s3-us-west-2.amazonaws.com/slowglass-testamk/comp100/04769.jpg,https://s3-us-west-2.amazonaws.com/slowglass-testamk/comp100/04789.jpg,https://s3-us-west-2.amazonaws.com/slowglass-testamk/comp100/04809.jpg,https://s3-us-west-2.amazonaws.com/slowglass-testamk/comp100/04829.jpg,https://s3-us-west-2.amazonaws.com/slowglass-testamk/comp100/04849.jpg,https://s3-us-west-2.amazonaws.com/slowglass-testamk/comp100/04869.jpg,https://s3-us-west-2.amazonaws.com/slowglass-testamk/comp100/04889.jpg,https://s3-us-west-2.amazonaws.com/slowglass-testamk/comp100/04909.jpg
https://s3-us-west-2.amazonaws.com/slowglass-testamk/comp100/04731.jpg,https://s3-us-west-2.amazonaws.com/slowglass-testamk/comp100/04751.jpg,https://s3-us-west-2.amazonaws.com/slowglass-testamk/comp100/04771.jpg,https://s3-us-west-2.amazonaws.com/slowglass-testamk/comp100/04791.jpg,https://s3-us-west-2.amazonaws.com/slowglass-testamk/comp100/04811.jpg,https://s3-us-west-2.amazonaws.com/slowglass-testamk/comp100/04831.jpg,https://s3-us-west-2.amazonaws.com/slowglass-testamk/comp100/04851.jpg,https://s3-us-west-2.amazonaws.com/slowglass-testamk/comp100/04871.jpg,https://s3-us-west-2.amazonaws.com/slowglass-testamk/comp100/04891.jpg,https://s3-us-west-2.amazonaws.com/slowglass-testamk/comp100/04911.jpg
https://s3-us-west-2.amazonaws.com/slowglass-testamk/comp100/04733.jpg,https://s3-us-west-2.amazonaws.com/slowglass-testamk/comp100/04753.jpg,https://s3-us-west-2.amazonaws.com/slowglass-testamk/comp100/04773.jpg,https://s3-us-west-2.amazonaws.com/slowglass-testamk/comp100/04793.jpg,https://s3-us-west-2.amazonaws.com/slowglass-testamk/comp100/04813.jpg,https://s3-us-west-2.amazonaws.com/slowglass-testamk/comp100/04833.jpg,https://s3-us-west-2.amazonaws.com/slowglass-testamk/comp100/04853.jpg,https://s3-us-west-2.amazonaws.com/slowglass-testamk/comp100/04873.jpg,https://s3-us-west-2.amazonaws.com/slowglass-testamk/comp100/04893.jpg,https://s3-us-west-2.amazonaws.com/slowglass-testamk/comp100/04913.jpg
https://s3-us-west-2.amazonaws.com/slowglass-testamk/comp100/04735.jpg,https://s3-us-west-2.amazonaws.com/slowglass-testamk/comp100/04755.jpg,https://s3-us-west-2.amazonaws.com/slowglass-testamk/comp100/04775.jpg,https://s3-us-west-2.amazonaws.com/slowglass-testamk/comp100/04795.jpg,https://s3-us-west-2.amazonaws.com/slowglass-testamk/comp100/04815.jpg,https://s3-us-west-2.amazonaws.com/slowglass-testamk/comp100/04835.jpg,https://s3-us-west-2.amazonaws.com/slowglass-testamk/comp100/04855.jpg,https://s3-us-west-2.amazonaws.com/slowglass-testamk/comp100/04875.jpg,https://s3-us-west-2.amazonaws.com/slowglass-testamk/comp100/04895.jpg,https://s3-us-west-2.amazonaws.com/slowglass-testamk/comp100/04915.jpg
https://s3-us-west-2.amazonaws.com/slowglass-testamk/comp100/04737.jpg,https://s3-us-west-2.amazonaws.com/slowglass-testamk/comp100/04757.jpg,https://s3-us-west-2.amazonaws.com/slowglass-testamk/comp100/04777.jpg,https://s3-us-west-2.amazonaws.com/slowglass-testamk/comp100/04797.jpg,https://s3-us-west-2.amazonaws.com/slowglass-testamk/comp100/04817.jpg,https://s3-us-west-2.amazonaws.com/slowglass-testamk/comp100/04837.jpg,https://s3-us-west-2.amazonaws.com/slowglass-testamk/comp100/04857.jpg,https://s3-us-west-2.amazonaws.com/slowglass-testamk/comp100/04877.jpg,https://s3-us-west-2.amazonaws.com/slowglass-testamk/comp100/04897.jpg,https://s3-us-west-2.amazonaws.com/slowglass-testamk/comp100/04917.jpg
https://s3-us-west-2.amazonaws.com/slowglass-testamk/comp100/04739.jpg,https://s3-us-west-2.amazonaws.com/slowglass-testamk/comp100/04759.jpg,https://s3-us-west-2.amazonaws.com/slowglass-testamk/comp100/04779.jpg,https://s3-us-west-2.amazonaws.com/slowglass-testamk/comp100/04799.jpg,https://s3-us-west-2.amazonaws.com/slowglass-testamk/comp100/04819.jpg,https://s3-us-west-2.amazonaws.com/slowglass-testamk/comp100/04839.jpg,https://s3-us-west-2.amazonaws.com/slowglass-testamk/comp100/04859.jpg,https://s3-us-west-2.amazonaws.com/slowglass-testamk/comp100/04879.jpg,https://s3-us-west-2.amazonaws.com/slowglass-testamk/comp100/04899.jpg,https://s3-us-west-2.amazonaws.com/slowglass-testamk/comp100/04919.jpg
https://s3-us-west-2.amazonaws.com/slowglass-testamk/comp100/04741.jpg,https://s3-us-west-2.amazonaws.com/slowglass-testamk/comp100/04761.jpg,https://s3-us-west-2.amazonaws.com/slowglass-testamk/comp100/04781.jpg,https://s3-us-west-2.amazonaws.com/slowglass-testamk/comp100/04801.jpg,https://s3-us-west-2.amazonaws.com/slowglass-testamk/comp100/04821.jpg,https://s3-us-west-2.amazonaws.com/slowglass-testamk/comp100/04841.jpg,https://s3-us-west-2.amazonaws.com/slowglass-testamk/comp100/04861.jpg,https://s3-us-west-2.amazonaws.com/slowglass-testamk/comp100/04881.jpg,https://s3-us-west-2.amazonaws.com/slowglass-testamk/comp100/04901.jpg,https://s3-us-west-2.amazonaws.com/slowglass-testamk/comp100/04921.jpg
https://s3-us-west-2.amazonaws.com/slowglass-testamk/comp100/04743.jpg,https://s3-us-west-2.amazonaws.com/slowglass-testamk/comp100/04763.jpg,https://s3-us-west-2.amazonaws.com/slowglass-testamk/comp100/04783.jpg,https://s3-us-west-2.amazonaws.com/slowglass-testamk/comp100/04803.jpg,https://s3-us-west-2.amazonaws.com/slowglass-testamk/comp100/04823.jpg,https://s3-us-west-2.amazonaws.com/slowglass-testamk/comp100/04843.jpg,https://s3-us-west-2.amazonaws.com/slowglass-testamk/comp100/04863.jpg,https://s3-us-west-2.amazonaws.com/slowglass-testamk/comp100/04883.jpg,https://s3-us-west-2.amazonaws.com/slowglass-testamk/comp100/04903.jpg,https://s3-us-west-2.amazonaws.com/slowglass-testamk/comp100/04923.jpg
https://s3-us-west-2.amazonaws.com/slowglass-testamk/comp100/04745.jpg,https://s3-us-west-2.amazonaws.com/slowglass-testamk/comp100/04765.jpg,https://s3-us-west-2.amazonaws.com/slowglass-testamk/comp100/04785.jpg,https://s3-us-west-2.amazonaws.com/slowglass-testamk/comp100/04805.jpg,https://s3-us-west-2.amazonaws.com/slowglass-testamk/comp100/04825.jpg,https://s3-us-west-2.amazonaws.com/slowglass-testamk/comp100/04845.jpg,https://s3-us-west-2.amazonaws.com/slowglass-testamk/comp100/04865.jpg,https://s3-us-west-2.amazonaws.com/slowglass-testamk/comp100/04885.jpg,https://s3-us-west-2.amazonaws.com/slowglass-testamk/comp100/04905.jpg,https://s3-us-west-2.amazonaws.com/slowglass-testamk/comp100/04925.jpg
https://s3-us-west-2.amazonaws.com/slowglass-testamk/comp100/04747.jpg,https://s3-us-west-2.amazonaws.com/slowglass-testamk/comp100/04767.jpg,https://s3-us-west-2.amazonaws.com/slowglass-testamk/comp100/04787.jpg,https://s3-us-west-2.amazonaws.com/slowglass-testamk/comp100/04807.jpg,https://s3-us-west-2.amazonaws.com/slowglass-testamk/comp100/04827.jpg,https://s3-us-west-2.amazonaws.com/slowglass-testamk/comp100/04847.jpg,https://s3-us-west-2.amazonaws.com/slowglass-testamk/comp100/04867.jpg,https://s3-us-west-2.amazonaws.com/slowglass-testamk/comp100/04887.jpg,https://s3-us-west-2.amazonaws.com/slowglass-testamk/comp100/04907.jpg,https://s3-us-west-2.amazonaws.com/slowglass-testamk/comp100/04927.jpg
